problema,red,w1,w2,sesgo,converge
XOR,adaline,0.010101,-0.000000,0.000000,False

x1,x2,esperado,obtenido
1.0,1.0,-1,0.02020202020202007
1.0,0.0,1,0.010101010101010145
0.0,1.0,1,4.5102810375396984e-17
0.0,0.0,-1,1.3357370765021415e-16
