problema,red,w1,w2,sesgo,converge
XOR,adaline,0.010101,0.000000,0.010101,False

x1,x2,esperado,obtenido
1.0,1.0,-1,0.02020202020202034
1.0,0.0,1,0.02020202020202025
0.0,1.0,1,0.010101010101010147
0.0,0.0,-1,0.010101010101010057
